"","superkingdom","phylum","class","order","family","genus","species"
"species-Escherichia_coli","Bacteria","Proteobacteria","Gammaproteobacteria","Enterobacterales","Enterobacteriaceae","Escherichia","Escherichia coli"
"species-Alistipes_putredinis","Bacteria","Bacteroidota","Bacteroidia","Bacteroidales","Rikenellaceae","Alistipes","Alistipes putredinis"
"species-Porphyromonas_asaccharolytica","Bacteria","Bacteroidota","Bacteroidia","Bacteroidales","Porphyromonadaceae","Porphyromonas","Porphyromonas asaccharolytica"
"species-Bacteroides_uniformis","Bacteria","Bacteroidota","Bacteroidia","Bacteroidales","Bacteroidaceae","Bacteroides","Bacteroides uniformis"
"species-Prevotella_stercorea","Bacteria","Bacteroidota","Bacteroidia","Bacteroidales","Prevotellaceae","Prevotella","Prevotella stercorea"
"species-Prevotella_sp._CAG-279","Bacteria","Bacteroidota","Bacteroidia","Bacteroidales","Prevotellaceae","Prevotella","Prevotella sp. CAG:279"
"species-Dialister_sp._CAG-357","Bacteria","Firmicutes","Negativicutes","Veillonellales","Veillonellaceae","Dialister","Dialister sp. CAG:357"
"species-Phocaeicola_massiliensis","Bacteria","Bacteroidota","Bacteroidia","Bacteroidales","Bacteroidaceae","Phocaeicola","Phocaeicola massiliensis"
"species-Prevotella_bivia","Bacteria","Bacteroidota","Bacteroidia","Bacteroidales","Prevotellaceae","Prevotella","Prevotella bivia"
"species-Odoribacter_splanchnicus","Bacteria","Bacteroidota","Bacteroidia","Bacteroidales","Odoribacteraceae","Odoribacter","Odoribacter splanchnicus"
"species-Porphyromonas_uenonis","Bacteria","Bacteroidota","Bacteroidia","Bacteroidales","Porphyromonadaceae","Porphyromonas","Porphyromonas uenonis"
"species-Clostridium_sp._CAG-413","Bacteria","Firmicutes","Clostridia","Eubacteriales","Clostridiaceae","Clostridium","Clostridium sp. CAG:413"
"species-Parvimonas_micra","Bacteria","Firmicutes","Tissierellia","Tissierellales","Peptoniphilaceae","Parvimonas","Parvimonas micra"
"species-Bacteroides_fragilis","Bacteria","Bacteroidota","Bacteroidia","Bacteroidales","Bacteroidaceae","Bacteroides","Bacteroides fragilis"
"species-Peptostreptococcus_anaerobius","Bacteria","Firmicutes","Clostridia","Eubacteriales","Peptostreptococcaceae","Peptostreptococcus","Peptostreptococcus anaerobius"
"species-Bacteroides_intestinalis","Bacteria","Bacteroidota","Bacteroidia","Bacteroidales","Bacteroidaceae","Bacteroides","Bacteroides intestinalis"
"species-Bacteroides_thetaiotaomicron","Bacteria","Bacteroidota","Bacteroidia","Bacteroidales","Bacteroidaceae","Bacteroides","Bacteroides thetaiotaomicron"
"species-Firmicutes_bacterium_CAG-170","Bacteria","Firmicutes",NA,NA,NA,NA,"Firmicutes bacterium CAG:170"
"species-Bacteroides_caccae","Bacteria","Bacteroidota","Bacteroidia","Bacteroidales","Bacteroidaceae","Bacteroides","Bacteroides caccae"
"species-Ruminococcus_bromii","Bacteria","Firmicutes","Clostridia","Eubacteriales","Oscillospiraceae","Ruminococcus","Ruminococcus bromii"
"species-Phocaeicola_vulgatus","Bacteria","Bacteroidota","Bacteroidia","Bacteroidales","Bacteroidaceae","Phocaeicola","Phocaeicola vulgatus"
"species-Parabacteroides_distasonis","Bacteria","Bacteroidota","Bacteroidia","Bacteroidales","Tannerellaceae","Parabacteroides","Parabacteroides distasonis"
"species-Coprococcus_eutactus","Bacteria","Firmicutes","Clostridia","Eubacteriales","Lachnospiraceae","Coprococcus","Coprococcus eutactus"
"species-_rectale","Bacteria","Firmicutes","Clostridia","Eubacteriales","Lachnospiraceae",NA,"[Eubacterium] rectale"
"species-Limosilactobacillus_mucosae","Bacteria","Firmicutes","Bacilli","Lactobacillales","Lactobacillaceae","Limosilactobacillus","Limosilactobacillus mucosae"
"species-Bacteroides_ovatus","Bacteria","Bacteroidota","Bacteroidia","Bacteroidales","Bacteroidaceae","Bacteroides","Bacteroides ovatus"
"species-Butyricimonas_virosa","Bacteria","Bacteroidota","Bacteroidia","Bacteroidales","Odoribacteraceae","Butyricimonas","Butyricimonas virosa"
"species-Parabacteroides_goldsteinii","Bacteria","Bacteroidota","Bacteroidia","Bacteroidales","Tannerellaceae","Parabacteroides","Parabacteroides goldsteinii"
"species-Lachnospira_eligens","Bacteria","Firmicutes","Clostridia","Eubacteriales","Lachnospiraceae","Lachnospira","Lachnospira eligens"
"species-Roseburia_inulinivorans","Bacteria","Firmicutes","Clostridia","Eubacteriales","Lachnospiraceae","Roseburia","Roseburia inulinivorans"
"species-Peptostreptococcus_stomatis","Bacteria","Firmicutes","Clostridia","Eubacteriales","Peptostreptococcaceae","Peptostreptococcus","Peptostreptococcus stomatis"
"species-Oscillibacter_sp._57_20","Bacteria","Firmicutes","Clostridia","Eubacteriales","Oscillospiraceae","Oscillibacter","Oscillibacter sp. 57_20"
"species-Faecalibacterium_prausnitzii","Bacteria","Firmicutes","Clostridia","Eubacteriales","Oscillospiraceae","Faecalibacterium","Faecalibacterium prausnitzii"
"species-Phocaeicola_dorei","Bacteria","Bacteroidota","Bacteroidia","Bacteroidales","Bacteroidaceae","Phocaeicola","Phocaeicola dorei"
"k__Bacteria|p__Bacteroidetes|c__Bacteroidia|o__Bacteroidales|f__Tannerellaceae|g__Parabacteroides|s__Parabacteroides_gordonii","Bacteria","Bacteroidota","Bacteroidia","Bacteroidales","Tannerellaceae","Parabacteroides","Parabacteroides gordonii"
"species-Dorea_longicatena","Bacteria","Firmicutes","Clostridia","Eubacteriales","Lachnospiraceae","Dorea","Dorea longicatena"
"species-Lactobacillus_amylovorus","Bacteria","Firmicutes","Bacilli","Lactobacillales","Lactobacillaceae","Lactobacillus","Lactobacillus amylovorus"
"species-Prevotella_copri","Bacteria","Bacteroidota","Bacteroidia","Bacteroidales","Prevotellaceae","Prevotella","Prevotella copri"
"species-Dorea_formicigenerans","Bacteria","Firmicutes","Clostridia","Eubacteriales","Lachnospiraceae","Dorea","Dorea formicigenerans"
"species-Bacteroides_xylanisolvens","Bacteria","Bacteroidota","Bacteroidia","Bacteroidales","Bacteroidaceae","Bacteroides","Bacteroides xylanisolvens"
"species-Phascolarctobacterium_faecium","Bacteria","Firmicutes","Negativicutes","Acidaminococcales","Acidaminococcaceae","Phascolarctobacterium","Phascolarctobacterium faecium"
"species-Akkermansia_muciniphila","Bacteria","Verrucomicrobia","Verrucomicrobiae","Verrucomicrobiales","Akkermansiaceae","Akkermansia","Akkermansia muciniphila"
"species-Parasutterella_excrementihominis","Bacteria","Proteobacteria","Betaproteobacteria","Burkholderiales","Sutterellaceae","Parasutterella","Parasutterella excrementihominis"
"species-Slackia_isoflavoniconvertens","Bacteria","Actinobacteria","Coriobacteriia","Eggerthellales","Eggerthellaceae","Slackia","Slackia isoflavoniconvertens"
"species-Bacteroides_nordii","Bacteria","Bacteroidota","Bacteroidia","Bacteroidales","Bacteroidaceae","Bacteroides","Bacteroides nordii"
"species-Firmicutes_bacterium_CAG-110","Bacteria","Firmicutes",NA,NA,NA,NA,"Firmicutes bacterium CAG:110"
"species-Dialister_micraerophilus","Bacteria","Firmicutes","Negativicutes","Veillonellales","Veillonellaceae","Dialister","Dialister micraerophilus"
"species-Bacteroides_eggerthii","Bacteria","Bacteroidota","Bacteroidia","Bacteroidales","Bacteroidaceae","Bacteroides","Bacteroides eggerthii"
"species-Coprococcus_comes","Bacteria","Firmicutes","Clostridia","Eubacteriales","Lachnospiraceae","Coprococcus","Coprococcus comes"
"species-Parabacteroides_merdae","Bacteria","Bacteroidota","Bacteroidia","Bacteroidales","Tannerellaceae","Parabacteroides","Parabacteroides merdae"
"k__Bacteria|p__Bacteroidetes|c__Bacteroidia|o__Bacteroidales|f__Bacteroidaceae|g__Bacteroides|s__Bacteroides_faecichinchillae","Bacteria","Bacteroidota","Bacteroidia","Bacteroidales","Bacteroidaceae","Bacteroides","Bacteroides faecichinchillae"
"k__Bacteria|p__Proteobacteria|c__Gammaproteobacteria|o__Enterobacterales|f__Enterobacteriaceae|g__Escherichia|s__Escherichia_fergusonii","Bacteria","Proteobacteria","Gammaproteobacteria","Enterobacterales","Enterobacteriaceae","Escherichia","Escherichia fergusonii"
"species-Phocaeicola_plebeius","Bacteria","Bacteroidota","Bacteroidia","Bacteroidales","Bacteroidaceae","Phocaeicola","Phocaeicola plebeius"
"species-_pectinophilus","Bacteria","Firmicutes","Clostridia","Eubacteriales",NA,NA,"[Bacteroides] pectinophilus"
"species-Oscillibacter_sp._CAG-241","Bacteria","Firmicutes","Clostridia","Eubacteriales","Oscillospiraceae","Oscillibacter","Oscillibacter sp. CAG:241"
"species-Bifidobacterium_longum","Bacteria","Actinobacteria","Actinomycetia","Bifidobacteriales","Bifidobacteriaceae","Bifidobacterium","Bifidobacterium longum"
"species-Bifidobacterium_breve","Bacteria","Actinobacteria","Actinomycetia","Bifidobacteriales","Bifidobacteriaceae","Bifidobacterium","Bifidobacterium breve"
"species-Bifidobacterium_bifidum","Bacteria","Actinobacteria","Actinomycetia","Bifidobacteriales","Bifidobacteriaceae","Bifidobacterium","Bifidobacterium bifidum"
"species-Enterococcus_avium","Bacteria","Firmicutes","Bacilli","Lactobacillales","Enterococcaceae","Enterococcus","Enterococcus avium"
"species-Bifidobacterium_pseudocatenulatum","Bacteria","Actinobacteria","Actinomycetia","Bifidobacteriales","Bifidobacteriaceae","Bifidobacterium","Bifidobacterium pseudocatenulatum"
"species-Enterococcus_faecalis","Bacteria","Firmicutes","Bacilli","Lactobacillales","Enterococcaceae","Enterococcus","Enterococcus faecalis"
"k__Bacteria|p__Firmicutes|c__Bacilli|o__Lactobacillales|f__Lactobacillaceae|g__Lactobacillus|s__Lactobacillus_helveticus","Bacteria","Firmicutes","Bacilli","Lactobacillales","Lactobacillaceae","Lactobacillus","Lactobacillus helveticus"
"species-Klebsiella_pneumoniae","Bacteria","Proteobacteria","Gammaproteobacteria","Enterobacterales","Enterobacteriaceae","Klebsiella","Klebsiella pneumoniae"
"species-Flavonifractor_plautii","Bacteria","Firmicutes","Clostridia","Eubacteriales","Oscillospiraceae","Flavonifractor","Flavonifractor plautii"
"k__Bacteria|p__Actinobacteria|c__Actinobacteria|o__Corynebacteriales|f__Corynebacteriaceae|g__Corynebacterium|s__Corynebacterium_argentoratense","Bacteria","Actinobacteria","Actinomycetia","Corynebacteriales","Corynebacteriaceae","Corynebacterium","Corynebacterium argentoratense"
"species-Enterococcus_casseliflavus","Bacteria","Firmicutes","Bacilli","Lactobacillales","Enterococcaceae","Enterococcus","Enterococcus casseliflavus"
"k__Bacteria|p__Firmicutes|c__Bacilli|o__Lactobacillales|f__Lactobacillaceae|g__Lactobacillus|s__Lactobacillus_panis","Bacteria","Firmicutes","Bacilli","Lactobacillales","Lactobacillaceae","Limosilactobacillus","Limosilactobacillus panis"
"species-Bifidobacterium_adolescentis","Bacteria","Actinobacteria","Actinomycetia","Bifidobacteriales","Bifidobacteriaceae","Bifidobacterium","Bifidobacterium adolescentis"
"species-Klebsiella_variicola","Bacteria","Proteobacteria","Gammaproteobacteria","Enterobacterales","Enterobacteriaceae","Klebsiella","Klebsiella variicola"
"species-Anaerostipes_hadrus","Bacteria","Firmicutes","Clostridia","Eubacteriales","Lachnospiraceae","Anaerostipes","Anaerostipes hadrus"
"species-Lactobacillus_crispatus","Bacteria","Firmicutes","Bacilli","Lactobacillales","Lactobacillaceae","Lactobacillus","Lactobacillus crispatus"
"species-Collinsella_aerofaciens","Bacteria","Actinobacteria","Coriobacteriia","Coriobacteriales","Coriobacteriaceae","Collinsella","Collinsella aerofaciens"
"species-Klebsiella_quasipneumoniae","Bacteria","Proteobacteria","Gammaproteobacteria","Enterobacterales","Enterobacteriaceae","Klebsiella","Klebsiella quasipneumoniae"
"k__Bacteria|p__Actinobacteria|c__Actinobacteria|o__Actinomycetales|f__Actinomycetaceae|g__Actinomyces|s__Actinomyces_sp_S6_Spd3","Bacteria","Actinobacteria","Actinomycetia","Actinomycetales","Actinomycetaceae","Actinomyces","Actinomyces sp. S6-Spd3"
"species-Turicimonas_muris","Bacteria","Proteobacteria","Betaproteobacteria","Burkholderiales","Sutterellaceae","Turicimonas","Turicimonas muris"
"species-Streptococcus_parasanguinis","Bacteria","Firmicutes","Bacilli","Lactobacillales","Streptococcaceae","Streptococcus","Streptococcus parasanguinis"
"species-Coprococcus_catus","Bacteria","Firmicutes","Clostridia","Eubacteriales","Lachnospiraceae","Coprococcus","Coprococcus catus"
"species-Firmicutes_bacterium_CAG-145","Bacteria","Firmicutes",NA,NA,NA,NA,"Firmicutes bacterium CAG:145"
"species-Enterobacter_mori","Bacteria","Proteobacteria","Gammaproteobacteria","Enterobacterales","Enterobacteriaceae","Enterobacter","Enterobacter mori"
"species-Acidaminococcus_intestini","Bacteria","Firmicutes","Negativicutes","Acidaminococcales","Acidaminococcaceae","Acidaminococcus","Acidaminococcus intestini"
"genus-Enterobacter","Bacteria","Proteobacteria","Gammaproteobacteria","Enterobacterales","Enterobacteriaceae","Enterobacter",NA
"species-Morganella_morganii","Bacteria","Proteobacteria","Gammaproteobacteria","Enterobacterales","Morganellaceae","Morganella","Morganella morganii"
"species-Veillonella_parvula","Bacteria","Firmicutes","Negativicutes","Veillonellales","Veillonellaceae","Veillonella","Veillonella parvula"
"k__Bacteria|p__Proteobacteria|c__Gammaproteobacteria|o__Aeromonadales|f__Aeromonadaceae|g__Aeromonas|s__Aeromonas_caviae","Bacteria","Proteobacteria","Gammaproteobacteria","Aeromonadales","Aeromonadaceae","Aeromonas","Aeromonas caviae"
"species-Citrobacter_freundii","Bacteria","Proteobacteria","Gammaproteobacteria","Enterobacterales","Enterobacteriaceae","Citrobacter","Citrobacter freundii"
"species-Ruthenibacterium_lactatiformans","Bacteria","Firmicutes","Clostridia","Eubacteriales","Oscillospiraceae","Ruthenibacterium","Ruthenibacterium lactatiformans"
"species-Prevotella_buccae","Bacteria","Bacteroidota","Bacteroidia","Bacteroidales","Prevotellaceae","Prevotella","Prevotella buccae"
"species-Bacteroides_stercoris","Bacteria","Bacteroidota","Bacteroidia","Bacteroidales","Bacteroidaceae","Bacteroides","Bacteroides stercoris"
"species-Streptococcus_oralis","Bacteria","Firmicutes","Bacilli","Lactobacillales","Streptococcaceae","Streptococcus","Streptococcus oralis"
"species-_symbiosum","Bacteria","Firmicutes","Clostridia","Eubacteriales","Lachnospiraceae","Lachnoclostridium","[Clostridium] symbiosum"
"species-_gnavus","Bacteria","Firmicutes","Clostridia","Eubacteriales","Lachnospiraceae","Mediterraneibacter","[Ruminococcus] gnavus"
"species-Enterocloster_clostridioformis","Bacteria","Firmicutes","Clostridia","Eubacteriales","Lachnospiraceae","Enterocloster","Enterocloster clostridioformis"
"species-_siraeum","Bacteria","Firmicutes","Clostridia","Eubacteriales","Oscillospiraceae",NA,"[Eubacterium] siraeum"
"species-Roseburia_hominis","Bacteria","Firmicutes","Clostridia","Eubacteriales","Lachnospiraceae","Roseburia","Roseburia hominis"
"species-Streptococcus_salivarius","Bacteria","Firmicutes","Bacilli","Lactobacillales","Streptococcaceae","Streptococcus","Streptococcus salivarius"
"species-Enterocloster_bolteae","Bacteria","Firmicutes","Clostridia","Eubacteriales","Lachnospiraceae","Enterocloster","Enterocloster bolteae"
"species-Limosilactobacillus_fermentum","Bacteria","Firmicutes","Bacilli","Lactobacillales","Lactobacillaceae","Limosilactobacillus","Limosilactobacillus fermentum"
"species-_hylemonae","Bacteria","Firmicutes","Clostridia","Eubacteriales","Lachnospiraceae","Lachnoclostridium","[Clostridium] hylemonae"
"species-Citrobacter_youngae","Bacteria","Proteobacteria","Gammaproteobacteria","Enterobacterales","Enterobacteriaceae","Citrobacter","Citrobacter youngae"
"species-Alistipes_shahii","Bacteria","Bacteroidota","Bacteroidia","Bacteroidales","Rikenellaceae","Alistipes","Alistipes shahii"
"species-Gemmiger_formicilis","Bacteria","Firmicutes","Clostridia","Eubacteriales",NA,"Gemmiger","Gemmiger formicilis"
"species-Paraprevotella_xylaniphila","Bacteria","Bacteroidota","Bacteroidia","Bacteroidales","Prevotellaceae","Paraprevotella","Paraprevotella xylaniphila"
"species-Veillonella_sp._CAG-933","Bacteria","Firmicutes","Negativicutes","Veillonellales","Veillonellaceae","Veillonella","Veillonella sp. CAG:933"
"species-Rothia_mucilaginosa","Bacteria","Actinobacteria","Actinomycetia","Micrococcales","Micrococcaceae","Rothia","Rothia mucilaginosa"
"species-Proteobacteria_bacterium_CAG-139","Bacteria","Proteobacteria",NA,NA,NA,NA,"Proteobacteria bacterium CAG:139"
"species-Klebsiella_aerogenes","Bacteria","Proteobacteria","Gammaproteobacteria","Enterobacterales","Enterobacteriaceae","Klebsiella","Klebsiella aerogenes"
"species-Haemophilus_parainfluenzae","Bacteria","Proteobacteria","Gammaproteobacteria","Pasteurellales","Pasteurellaceae","Haemophilus","Haemophilus parainfluenzae"
"species-Citrobacter_amalonaticus","Bacteria","Proteobacteria","Gammaproteobacteria","Enterobacterales","Enterobacteriaceae","Citrobacter","Citrobacter amalonaticus"
"species-_innocuum","Bacteria","Firmicutes","Erysipelotrichia","Erysipelotrichales","Erysipelotrichaceae","Erysipelatoclostridium","[Clostridium] innocuum"
"k__Bacteria|p__Proteobacteria|c__Gammaproteobacteria|o__Aeromonadales|f__Aeromonadaceae|g__Aeromonas|s__Aeromonas_media","Bacteria","Proteobacteria","Gammaproteobacteria","Aeromonadales","Aeromonadaceae","Aeromonas","Aeromonas media"
"species-Agathobaculum_butyriciproducens","Bacteria","Firmicutes","Clostridia","Eubacteriales","Oscillospiraceae","Agathobaculum","Agathobaculum butyriciproducens"
"species-Haemophilus_sp._HMSC71H05","Bacteria","Proteobacteria","Gammaproteobacteria","Pasteurellales","Pasteurellaceae","Haemophilus","Haemophilus sp. HMSC71H05"
"species-Bifidobacterium_catenulatum","Bacteria","Actinobacteria","Actinomycetia","Bifidobacteriales","Bifidobacteriaceae","Bifidobacterium","Bifidobacterium catenulatum"
"species-Allisonella_histaminiformans","Bacteria","Firmicutes","Negativicutes","Veillonellales","Veillonellaceae","Allisonella","Allisonella histaminiformans"
"species-Klebsiella_michiganensis","Bacteria","Proteobacteria","Gammaproteobacteria","Enterobacterales","Enterobacteriaceae","Klebsiella","Klebsiella michiganensis"
"species-Eubacterium_sp._CAG-180","Bacteria","Firmicutes","Clostridia","Eubacteriales","Eubacteriaceae","Eubacterium","Eubacterium sp. CAG:180"
"species-Citrobacter_portucalensis","Bacteria","Proteobacteria","Gammaproteobacteria","Enterobacterales","Enterobacteriaceae","Citrobacter","Citrobacter portucalensis"
"species-Citrobacter_pasteurii","Bacteria","Proteobacteria","Gammaproteobacteria","Enterobacterales","Enterobacteriaceae","Citrobacter","Citrobacter pasteurii"
"species-Ligilactobacillus_salivarius","Bacteria","Firmicutes","Bacilli","Lactobacillales","Lactobacillaceae","Ligilactobacillus","Ligilactobacillus salivarius"
"species-Bacteroides_faecis_CAG-32","Bacteria","Bacteroidota","Bacteroidia","Bacteroidales","Bacteroidaceae","Bacteroides","Bacteroides faecis CAG:32"
"species-Weissella_confusa","Bacteria","Firmicutes","Bacilli","Lactobacillales","Lactobacillaceae","Weissella","Weissella confusa"
"species-Blautia_obeum","Bacteria","Firmicutes","Clostridia","Eubacteriales","Lachnospiraceae","Blautia","Blautia obeum"
"species-Veillonella_sp._T11011-6","Bacteria","Firmicutes","Negativicutes","Veillonellales","Veillonellaceae","Veillonella","Veillonella sp. T11011-6"
"species-Proteus_mirabilis","Bacteria","Proteobacteria","Gammaproteobacteria","Enterobacterales","Morganellaceae","Proteus","Proteus mirabilis"
"species-Kluyvera_georgiana","Bacteria","Proteobacteria","Gammaproteobacteria","Enterobacterales","Enterobacteriaceae","Kluyvera","Kluyvera georgiana"
"species-Blautia_producta","Bacteria","Firmicutes","Clostridia","Eubacteriales","Lachnospiraceae","Blautia","Blautia producta"
"species-Eubacterium_sp._CAG-38","Bacteria","Firmicutes","Clostridia","Eubacteriales","Eubacteriaceae","Eubacterium","Eubacterium sp. CAG:38"
"k__Bacteria|p__Proteobacteria|c__Gammaproteobacteria|o__Enterobacterales|f__Enterobacteriaceae|g__Enterobacter|s__Enterobacter_bugandensis","Bacteria","Proteobacteria","Gammaproteobacteria","Enterobacterales","Enterobacteriaceae","Enterobacter","Enterobacter bugandensis"
"species-Bilophila_wadsworthia","Bacteria","Proteobacteria","Deltaproteobacteria","Desulfovibrionales","Desulfovibrionaceae","Bilophila","Bilophila wadsworthia"
"species-Eggerthella_lenta","Bacteria","Actinobacteria","Coriobacteriia","Eggerthellales","Eggerthellaceae","Eggerthella","Eggerthella lenta"
"k__Bacteria|p__Actinobacteria|c__Actinobacteria|o__Micrococcales|f__Micrococcaceae|g__Rothia|s__Rothia_dentocariosa","Bacteria","Actinobacteria","Actinomycetia","Micrococcales","Micrococcaceae","Rothia","Rothia dentocariosa"
"k__Bacteria|p__Bacteroidetes|c__Bacteroidia|o__Bacteroidales|f__Bacteroidaceae|g__Bacteroides|s__Bacteroides_caecimuris","Bacteria","Bacteroidota","Bacteroidia","Bacteroidales","Bacteroidaceae","Bacteroides","Bacteroides caecimuris"
"species-Eubacterium_sp._CAG-251","Bacteria","Firmicutes","Clostridia","Eubacteriales","Eubacteriaceae","Eubacterium","Eubacterium sp. CAG:251"
"species-Gemella_haemolysans","Bacteria","Firmicutes","Bacilli","Bacillales",NA,"Gemella","Gemella haemolysans"
"species-Bacteroides_sp._CAG-530","Bacteria","Bacteroidota","Bacteroidia","Bacteroidales","Bacteroidaceae","Bacteroides","Bacteroides sp. CAG:530"
"species-Limosilactobacillus_vaginalis","Bacteria","Firmicutes","Bacilli","Lactobacillales","Lactobacillaceae","Limosilactobacillus","Limosilactobacillus vaginalis"
"species-Enterocloster_asparagiformis","Bacteria","Firmicutes","Clostridia","Eubacteriales","Lachnospiraceae","Enterocloster","Enterocloster asparagiformis"
"species-Paraprevotella_clara","Bacteria","Bacteroidota","Bacteroidia","Bacteroidales","Prevotellaceae","Paraprevotella","Paraprevotella clara"
"species-Gemella_sanguinis","Bacteria","Firmicutes","Bacilli","Bacillales",NA,"Gemella","Gemella sanguinis"
"species-Fusicatenibacter_saccharivorans","Bacteria","Firmicutes","Clostridia","Eubacteriales","Lachnospiraceae","Fusicatenibacter","Fusicatenibacter saccharivorans"
"species-Citrobacter_braakii","Bacteria","Proteobacteria","Gammaproteobacteria","Enterobacterales","Enterobacteriaceae","Citrobacter","Citrobacter braakii"
"species-Leclercia_adecarboxylata","Bacteria","Proteobacteria","Gammaproteobacteria","Enterobacterales","Enterobacteriaceae","Leclercia","Leclercia adecarboxylata"
"species-Firmicutes_bacterium_CAG-94","Bacteria","Firmicutes",NA,NA,NA,NA,"Firmicutes bacterium CAG:94"
"species-Veillonella_dispar","Bacteria","Firmicutes","Negativicutes","Veillonellales","Veillonellaceae","Veillonella","Veillonella dispar"
"species-Streptococcus_infantis","Bacteria","Firmicutes","Bacilli","Lactobacillales","Streptococcaceae","Streptococcus","Streptococcus infantis"
"species-Streptococcus_sp._HPH0090","Bacteria","Firmicutes","Bacilli","Lactobacillales","Streptococcaceae","Streptococcus","Streptococcus sp. HPH0090"
"species-Citrobacter_werkmanii","Bacteria","Proteobacteria","Gammaproteobacteria","Enterobacterales","Enterobacteriaceae","Citrobacter","Citrobacter werkmanii"
"species-Streptococcus_mitis","Bacteria","Firmicutes","Bacilli","Lactobacillales","Streptococcaceae","Streptococcus","Streptococcus mitis"
"species-Prevotella_sp._CAG-520","Bacteria","Bacteroidota","Bacteroidia","Bacteroidales","Prevotellaceae","Prevotella","Prevotella sp. CAG:520"
"species-Megasphaera_elsdenii","Bacteria","Firmicutes","Negativicutes","Veillonellales","Veillonellaceae","Megasphaera","Megasphaera elsdenii"
"species-Ligilactobacillus_ruminis","Bacteria","Firmicutes","Bacilli","Lactobacillales","Lactobacillaceae","Ligilactobacillus","Ligilactobacillus ruminis"
"species-Veillonella_infantium","Bacteria","Firmicutes","Negativicutes","Veillonellales","Veillonellaceae","Veillonella","Veillonella infantium"
"species-Actinomyces_sp._oral_taxon_181","Bacteria","Actinobacteria","Actinomycetia","Actinomycetales","Actinomycetaceae","Actinomyces","Actinomyces sp. oral taxon 181"
"k__Bacteria|p__Proteobacteria|c__Gammaproteobacteria|o__Enterobacterales|f__Enterobacteriaceae|g__Kosakonia|s__Kosakonia_pseudosacchari","Bacteria","Proteobacteria","Gammaproteobacteria","Enterobacterales","Enterobacteriaceae","Kosakonia","Kosakonia pseudosacchari"
"species-Lancefieldella_parvula","Bacteria","Actinobacteria","Coriobacteriia","Coriobacteriales","Atopobiaceae","Lancefieldella","Lancefieldella parvula"
"species-Roseburia_faecis","Bacteria","Firmicutes","Clostridia","Eubacteriales","Lachnospiraceae","Roseburia","Roseburia faecis"
"species-Blautia_coccoides","Bacteria","Firmicutes","Clostridia","Eubacteriales","Lachnospiraceae","Blautia","Blautia coccoides"
"species-Scardovia_wiggsiae","Bacteria","Actinobacteria","Actinomycetia","Bifidobacteriales","Bifidobacteriaceae","Scardovia","Scardovia wiggsiae"
"species-Erysipelatoclostridium_ramosum","Bacteria","Firmicutes","Erysipelotrichia","Erysipelotrichales","Erysipelotrichaceae","Erysipelatoclostridium","Erysipelatoclostridium ramosum"
"species-Streptococcus_vestibularis","Bacteria","Firmicutes","Bacilli","Lactobacillales","Streptococcaceae","Streptococcus","Streptococcus vestibularis"
"species-Streptococcus_peroris","Bacteria","Firmicutes","Bacilli","Lactobacillales","Streptococcaceae","Streptococcus","Streptococcus peroris"
"species-Klebsiella_oxytoca","Bacteria","Proteobacteria","Gammaproteobacteria","Enterobacterales","Enterobacteriaceae","Klebsiella","Klebsiella oxytoca"
"species-Blautia_wexlerae","Bacteria","Firmicutes","Clostridia","Eubacteriales","Lachnospiraceae","Blautia","Blautia wexlerae"
"species-Actinomyces_sp._HPA0247","Bacteria","Actinobacteria","Actinomycetia","Actinomycetales","Actinomycetaceae","Actinomyces","Actinomyces sp. HPA0247"
"species-Clostridium_bolteae_CAG-59","Bacteria","Firmicutes","Clostridia","Eubacteriales","Clostridiaceae","Clostridium","Clostridium bolteae CAG:59"
"k__Bacteria|p__Firmicutes|c__Bacilli|o__Lactobacillales|f__Lactobacillaceae|g__Lactobacillus|s__Lactobacillus_agilis","Bacteria","Firmicutes","Bacilli","Lactobacillales","Lactobacillaceae","Ligilactobacillus","Ligilactobacillus agilis"
"species-Veillonella_atypica","Bacteria","Firmicutes","Negativicutes","Veillonellales","Veillonellaceae","Veillonella","Veillonella atypica"
"k__Bacteria|p__Firmicutes|c__Negativicutes|o__Veillonellales|f__Veillonellaceae|g__Dialister|s__Dialister_succinatiphilus","Bacteria","Firmicutes","Negativicutes","Veillonellales","Veillonellaceae","Dialister","Dialister succinatiphilus"
"species-Megasphaera_sp._DISK_18","Bacteria","Firmicutes","Negativicutes","Veillonellales","Veillonellaceae","Megasphaera","Megasphaera sp. DISK 18"
"species-Butyricicoccus_pullicaecorum","Bacteria","Firmicutes","Clostridia","Eubacteriales","Clostridiaceae","Butyricicoccus","Butyricicoccus pullicaecorum"
"species-Megamonas_funiformis","Bacteria","Firmicutes","Negativicutes","Selenomonadales","Selenomonadaceae","Megamonas","Megamonas funiformis"
"species-Veillonella_tobetsuensis","Bacteria","Firmicutes","Negativicutes","Veillonellales","Veillonellaceae","Veillonella","Veillonella tobetsuensis"
"species-Ruminococcus_bicirculans","Bacteria","Firmicutes","Clostridia","Eubacteriales","Oscillospiraceae","Ruminococcus","Ruminococcus bicirculans"
"species-Veillonella_rogosae","Bacteria","Firmicutes","Negativicutes","Veillonellales","Veillonellaceae","Veillonella","Veillonella rogosae"
"k__Bacteria|p__Actinobacteria|c__Actinobacteria|o__Bifidobacteriales|f__Bifidobacteriaceae|g__Bifidobacterium|s__Bifidobacterium_ruminantium","Bacteria","Actinobacteria","Actinomycetia","Bifidobacteriales","Bifidobacteriaceae","Bifidobacterium","Bifidobacterium ruminantium"
"species-Megamonas_hypermegale","Bacteria","Firmicutes","Negativicutes","Selenomonadales","Selenomonadaceae","Megamonas","Megamonas hypermegale"
"species-Anaerotruncus_colihominis","Bacteria","Firmicutes","Clostridia","Eubacteriales","Oscillospiraceae","Anaerotruncus","Anaerotruncus colihominis"
"species-Alistipes_onderdonkii","Bacteria","Bacteroidota","Bacteroidia","Bacteroidales","Rikenellaceae","Alistipes","Alistipes onderdonkii"
"species-Actinomyces_sp._ICM47","Bacteria","Actinobacteria","Actinomycetia","Actinomycetales","Actinomycetaceae","Actinomyces","Actinomyces sp. ICM47"
"species-Tractidigestivibacter_scatoligenes","Bacteria","Actinobacteria","Coriobacteriia","Coriobacteriales","Atopobiaceae","Tractidigestivibacter","Tractidigestivibacter scatoligenes"
"species-Citrobacter_farmeri","Bacteria","Proteobacteria","Gammaproteobacteria","Enterobacterales","Enterobacteriaceae","Citrobacter","Citrobacter farmeri"
"k__Bacteria|p__Proteobacteria|c__Gammaproteobacteria|o__Enterobacterales|f__Morganellaceae|g__Providencia|s__Providencia_rettgeri","Bacteria","Proteobacteria","Gammaproteobacteria","Enterobacterales","Morganellaceae","Providencia","Providencia rettgeri"
"species-Lactobacillus_paragasseri","Bacteria","Firmicutes","Bacilli","Lactobacillales","Lactobacillaceae","Lactobacillus","Lactobacillus paragasseri"
"species-Phocaeicola_coprocola","Bacteria","Bacteroidota","Bacteroidia","Bacteroidales","Bacteroidaceae","Phocaeicola","Phocaeicola coprocola"
"species-Methanobrevibacter_smithii","Archaea","Euryarchaeota","Methanobacteria","Methanobacteriales","Methanobacteriaceae","Methanobrevibacter","Methanobrevibacter smithii"
"species-Prevotella_nigrescens","Bacteria","Bacteroidota","Bacteroidia","Bacteroidales","Prevotellaceae","Prevotella","Prevotella nigrescens"
"species-Porphyromonas_endodontalis","Bacteria","Bacteroidota","Bacteroidia","Bacteroidales","Porphyromonadaceae","Porphyromonas","Porphyromonas endodontalis"
"species-Clostridium_sp._CAG-964","Bacteria","Firmicutes","Clostridia","Eubacteriales","Clostridiaceae","Clostridium","Clostridium sp. CAG:964"
"species-Dialister_pneumosintes","Bacteria","Firmicutes","Negativicutes","Veillonellales","Veillonellaceae","Dialister","Dialister pneumosintes"
"k__Bacteria|p__Bacteroidetes|c__Bacteroidia|o__Bacteroidales|f__Prevotellaceae|g__Prevotella|s__Prevotella_sp_CAG_5226","Bacteria","Bacteroidota","Bacteroidia","Bacteroidales","Prevotellaceae","Prevotella","Prevotella sp. CAG:5226"
"species-Ruminococcus_sp._CAG-563","Bacteria","Firmicutes","Clostridia","Eubacteriales","Oscillospiraceae","Ruminococcus","Ruminococcus sp. CAG:563"
"k__Bacteria|p__Firmicutes|c__Clostridia|o__Clostridiales|f__Clostridiales_Family_XIII_Incertae_Sedis|g__Mogibacterium|s__Mogibacterium_diversum","Bacteria","Firmicutes","Clostridia","Eubacteriales","Eubacteriales Family XIII. Incertae Sedis","Mogibacterium","Mogibacterium diversum"
"species-Firmicutes_bacterium_CAG-238","Bacteria","Firmicutes",NA,NA,NA,NA,"Firmicutes bacterium CAG:238"
"species-Bacteroides_cellulosilyticus","Bacteria","Bacteroidota","Bacteroidia","Bacteroidales","Bacteroidaceae","Bacteroides","Bacteroides cellulosilyticus"
"species-Desulfovibrionaceae_bacterium","Bacteria","Proteobacteria","Deltaproteobacteria","Desulfovibrionales","Desulfovibrionaceae",NA,"Desulfovibrionaceae bacterium"
"species-Alistipes_inops","Bacteria","Bacteroidota","Bacteroidia","Bacteroidales","Rikenellaceae","Alistipes","Alistipes inops"
"species-Alistipes_finegoldii","Bacteria","Bacteroidota","Bacteroidia","Bacteroidales","Rikenellaceae","Alistipes","Alistipes finegoldii"
"k__Bacteria|p__Proteobacteria|c__Deltaproteobacteria|o__Desulfovibrionales|f__Desulfovibrionaceae|g__Desulfovibrio|s__Desulfovibrio_legallii","Bacteria","Proteobacteria","Deltaproteobacteria","Desulfovibrionales","Desulfovibrionaceae","Desulfovibrio","Desulfovibrio legallii"
"species-Bacteroides_salyersiae","Bacteria","Bacteroidota","Bacteroidia","Bacteroidales","Bacteroidaceae","Bacteroides","Bacteroides salyersiae"
"species-Mitsuokella_multacida","Bacteria","Firmicutes","Negativicutes","Selenomonadales","Selenomonadaceae","Mitsuokella","Mitsuokella multacida"
"species-Alistipes_indistinctus","Bacteria","Bacteroidota","Bacteroidia","Bacteroidales","Rikenellaceae","Alistipes","Alistipes indistinctus"
"species-Holdemanella_biformis","Bacteria","Firmicutes","Erysipelotrichia","Erysipelotrichales","Erysipelotrichaceae","Holdemanella","Holdemanella biformis"
"species-Firmicutes_bacterium_CAG-83","Bacteria","Firmicutes",NA,NA,NA,NA,"Firmicutes bacterium CAG:83"
"species-Ruminococcus_sp._CAG-488","Bacteria","Firmicutes","Clostridia","Eubacteriales","Oscillospiraceae","Ruminococcus","Ruminococcus sp. CAG:488"
"species-Prevotella_sp._AM42-24","Bacteria","Bacteroidota","Bacteroidia","Bacteroidales","Prevotellaceae","Prevotella","Prevotella sp. AM42-24"
"species-Eubacterium_sp._OM08-24","Bacteria","Firmicutes","Clostridia","Eubacteriales","Eubacteriaceae","Eubacterium","Eubacterium sp. OM08-24"
"species-_lactaris","Bacteria","Firmicutes","Clostridia","Eubacteriales","Lachnospiraceae","Mediterraneibacter","[Ruminococcus] lactaris"
"species-Gemella_morbillorum","Bacteria","Firmicutes","Bacilli","Bacillales",NA,"Gemella","Gemella morbillorum"
"species-Desulfovibrio_piger","Bacteria","Proteobacteria","Deltaproteobacteria","Desulfovibrionales","Desulfovibrionaceae","Desulfovibrio","Desulfovibrio piger"
"k__Bacteria|p__Fusobacteria|c__Fusobacteriia|o__Fusobacteriales|f__Fusobacteriaceae|g__Fusobacterium|s__Fusobacterium_varium","Bacteria","Fusobacteria","Fusobacteriia","Fusobacteriales","Fusobacteriaceae","Fusobacterium","Fusobacterium varium"
"species-Intestinimonas_butyriciproducens","Bacteria","Firmicutes","Clostridia","Eubacteriales",NA,"Intestinimonas","Intestinimonas butyriciproducens"
"species-Catenibacterium_mitsuokai","Bacteria","Firmicutes","Erysipelotrichia","Erysipelotrichales","Coprobacillaceae","Catenibacterium","Catenibacterium mitsuokai"
"species-Roseburia_intestinalis","Bacteria","Firmicutes","Clostridia","Eubacteriales","Lachnospiraceae","Roseburia","Roseburia intestinalis"
"k__Bacteria|p__Actinobacteria|c__Actinobacteria|o__Bifidobacteriales|f__Bifidobacteriaceae|g__Bifidobacterium|s__Bifidobacterium_kashiwanohense","Bacteria","Actinobacteria","Actinomycetia","Bifidobacteriales","Bifidobacteriaceae","Bifidobacterium","Bifidobacterium catenulatum"
"species-Mitsuokella_jalaludinii","Bacteria","Firmicutes","Negativicutes","Selenomonadales","Selenomonadaceae","Mitsuokella","Mitsuokella jalaludinii"
"k__Bacteria|p__Bacteroidetes|c__Bacteroidia|o__Bacteroidales|f__Prevotellaceae|g__Prevotella|s__Prevotella_sp_CAG_873","Bacteria","Bacteroidota","Bacteroidia","Bacteroidales","Prevotellaceae","Prevotella","Prevotella sp. CAG:873"
"species-Acidaminococcus_sp._CAG-542","Bacteria","Firmicutes","Negativicutes","Acidaminococcales","Acidaminococcaceae","Acidaminococcus","Acidaminococcus sp. CAG:542"
"k__Bacteria|p__Firmicutes|c__Firmicutes_unclassified|o__Firmicutes_unclassified|f__Firmicutes_unclassified|g__Firmicutes_unclassified|s__Firmicutes_bacterium_CAG_791","Bacteria","Firmicutes",NA,NA,NA,NA,"Firmicutes bacterium CAG:791"
"species-Fusobacterium_nucleatum","Bacteria","Fusobacteria","Fusobacteriia","Fusobacteriales","Fusobacteriaceae","Fusobacterium","Fusobacterium nucleatum"
"species-Solobacterium_moorei","Bacteria","Firmicutes","Erysipelotrichia","Erysipelotrichales","Erysipelotrichaceae","Solobacterium","Solobacterium moorei"
"species-Prevotella_sp._CAG-1092","Bacteria","Bacteroidota","Bacteroidia","Bacteroidales","Prevotellaceae","Prevotella","Prevotella sp. CAG:1092"
"k__Bacteria|p__Firmicutes|c__Negativicutes|o__Acidaminococcales|f__Acidaminococcaceae|g__Acidaminococcus|s__Acidaminococcus_fermentans","Bacteria","Firmicutes","Negativicutes","Acidaminococcales","Acidaminococcaceae","Acidaminococcus","Acidaminococcus fermentans"
"species-Fusobacterium_naviforme","Bacteria","Fusobacteria","Fusobacteriia","Fusobacteriales","Fusobacteriaceae","Fusobacterium","Fusobacterium naviforme"
"k__Bacteria|p__Fusobacteria|c__Fusobacteriia|o__Fusobacteriales|f__Fusobacteriaceae|g__Cetobacterium|s__Cetobacterium_somerae","Bacteria","Fusobacteria","Fusobacteriia","Fusobacteriales","Fusobacteriaceae","Cetobacterium","Cetobacterium somerae"
"species-Barnesiella_intestinihominis","Bacteria","Bacteroidota","Bacteroidia","Bacteroidales","Barnesiellaceae","Barnesiella","Barnesiella intestinihominis"
"species-Butyricimonas_synergistica","Bacteria","Bacteroidota","Bacteroidia","Bacteroidales","Odoribacteraceae","Butyricimonas","Butyricimonas synergistica"
"species-Lawsonibacter_asaccharolyticus","Bacteria","Firmicutes","Clostridia","Eubacteriales","Oscillospiraceae","Lawsonibacter","Lawsonibacter asaccharolyticus"
"species-Prevotella_sp._885","Bacteria","Bacteroidota","Bacteroidia","Bacteroidales","Prevotellaceae","Prevotella","Prevotella sp. 885"
"k__Bacteria|p__Proteobacteria|c__Gammaproteobacteria|o__Enterobacterales|f__Enterobacteriaceae|g__Pluralibacter|s__Pluralibacter_gergoviae","Bacteria","Proteobacteria","Gammaproteobacteria","Enterobacterales","Enterobacteriaceae","Pluralibacter","Pluralibacter gergoviae"
"species-Bacteroides_faecis","Bacteria","Bacteroidota","Bacteroidia","Bacteroidales","Bacteroidaceae","Bacteroides","Bacteroides faecis"
"k__Bacteria|p__Firmicutes|c__Bacilli|o__Lactobacillales|f__Lactobacillaceae|g__Lactobacillus|s__Lactobacillus_pontis","Bacteria","Firmicutes","Bacilli","Lactobacillales","Lactobacillaceae","Limosilactobacillus","Limosilactobacillus pontis"
"k__Bacteria|p__Bacteroidetes|c__Bacteroidia|o__Bacteroidales|f__Prevotellaceae|g__Alloprevotella|s__Prevotella_sp_oral_taxon_473","Bacteria","Bacteroidota","Bacteroidia","Bacteroidales","Prevotellaceae","Alloprevotella","Alloprevotella sp. oral taxon 473"
"species-Megasphaera_micronuciformis","Bacteria","Firmicutes","Negativicutes","Veillonellales","Veillonellaceae","Megasphaera","Megasphaera micronuciformis"
"k__Bacteria|p__Firmicutes|c__Bacilli|o__Lactobacillales|f__Streptococcaceae|g__Streptococcus|s__Streptococcus_infantarius","Bacteria","Firmicutes","Bacilli","Lactobacillales","Streptococcaceae","Streptococcus","Streptococcus infantarius"
"species-Streptococcus_salivarius_CAG-79","Bacteria","Firmicutes","Bacilli","Lactobacillales","Streptococcaceae","Streptococcus","Streptococcus salivarius CAG:79"
"species-Phascolarctobacterium_succinatutens","Bacteria","Firmicutes","Negativicutes","Acidaminococcales","Acidaminococcaceae","Phascolarctobacterium","Phascolarctobacterium succinatutens"
"species-Comamonas_kerstersii","Bacteria","Proteobacteria","Betaproteobacteria","Burkholderiales","Comamonadaceae","Comamonas","Comamonas kerstersii"
"species-Lachnospira_pectinoschiza","Bacteria","Firmicutes","Clostridia","Eubacteriales","Lachnospiraceae","Lachnospira","Lachnospira pectinoschiza"
"species-Ruminococcus_sp._CAG-330","Bacteria","Firmicutes","Clostridia","Eubacteriales","Oscillospiraceae","Ruminococcus","Ruminococcus sp. CAG:330"
"species-Turicibacter_sanguinis","Bacteria","Firmicutes","Erysipelotrichia","Erysipelotrichales","Turicibacteraceae","Turicibacter","Turicibacter sanguinis"
"species-Bifidobacterium_angulatum","Bacteria","Actinobacteria","Actinomycetia","Bifidobacteriales","Bifidobacteriaceae","Bifidobacterium","Bifidobacterium angulatum"
"k__Bacteria|p__Bacteroidetes|c__Bacteroidia|o__Bacteroidales|f__Bacteroidaceae|g__Bacteroides|s__Bacteroides_sp_CAG_462","Bacteria","Bacteroidota","Bacteroidia","Bacteroidales","Bacteroidaceae","Bacteroides","Bacteroides sp. CAG:462"
"species-Eubacterium_ventriosum","Bacteria","Firmicutes","Clostridia","Eubacteriales","Eubacteriaceae","Eubacterium","Eubacterium ventriosum"
"species-Fusobacterium_mortiferum","Bacteria","Fusobacteria","Fusobacteriia","Fusobacteriales","Fusobacteriaceae","Fusobacterium","Fusobacterium mortiferum"
"species-Lactobacillus_delbrueckii","Bacteria","Firmicutes","Bacilli","Lactobacillales","Lactobacillaceae","Lactobacillus","Lactobacillus delbrueckii"
"species-Butyrivibrio_crossotus","Bacteria","Firmicutes","Clostridia","Eubacteriales","Lachnospiraceae","Butyrivibrio","Butyrivibrio crossotus"
"species-Butyrivibrio_sp._CAG-318","Bacteria","Firmicutes","Clostridia","Eubacteriales","Lachnospiraceae","Butyrivibrio","Butyrivibrio sp. CAG:318"
"k__Bacteria|p__Firmicutes|c__Clostridia|o__Clostridiales|f__Clostridiaceae|g__Clostridium|s__Clostridium_sp_CAG_510","Bacteria","Firmicutes","Clostridia","Eubacteriales","Clostridiaceae","Clostridium","Clostridium sp. CAG:510"
"species-Firmicutes_bacterium_CAG-95","Bacteria","Firmicutes",NA,NA,NA,NA,"Firmicutes bacterium CAG:95"
"species-_torques","Bacteria","Firmicutes","Clostridia","Eubacteriales","Lachnospiraceae","Mediterraneibacter","[Ruminococcus] torques"
"species-Blastocystis_sp._subtype_1","Eukaryota",NA,"Bigyra","Opalinata","Blastocystidae","Blastocystis","Blastocystis sp. subtype 1"
"species-Anaerobutyricum_hallii","Bacteria","Firmicutes","Clostridia","Eubacteriales","Lachnospiraceae","Anaerobutyricum","Anaerobutyricum hallii"
"k__Bacteria|p__Firmicutes|c__Clostridia|o__Clostridiales|f__Clostridiaceae|g__Clostridium|s__Clostridium_sp_CAG_632","Bacteria","Firmicutes","Clostridia","Eubacteriales","Clostridiaceae","Clostridium","Clostridium sp. CAG:632"
"k__Bacteria|p__Proteobacteria|c__Gammaproteobacteria|o__Aeromonadales|f__Succinivibrionaceae|g__Anaerobiospirillum|s__Anaerobiospirillum_thomasii","Bacteria","Proteobacteria","Gammaproteobacteria","Aeromonadales","Succinivibrionaceae","Anaerobiospirillum","Anaerobiospirillum thomasii"
"species-_leptum","Bacteria","Firmicutes","Clostridia","Eubacteriales","Oscillospiraceae",NA,"[Clostridium] leptum"
"k__Bacteria|p__Candidatus_Melainabacteria|c__Candidatus_Melainabacteria_unclassified|o__Candidatus_Gastranaerophilales|f__Candidatus_Gastranaerophilales_unclassified|g__Candidatus_Gastranaerophilales_unclassified|s__Candidatus_Gastranaerophilales_bacterium_HUM_9","Bacteria","Candidatus Melainabacteria",NA,"Candidatus Gastranaerophilales",NA,NA,"Candidatus Gastranaerophilales bacterium HUM_9"
"species-Coprobacter_secundus","Bacteria","Bacteroidota","Bacteroidia","Bacteroidales","Barnesiellaceae","Coprobacter","Coprobacter secundus"
"species-Victivallis_vadensis","Bacteria","Lentisphaerae","Lentisphaeria","Victivallales","Victivallaceae","Victivallis","Victivallis vadensis"
"k__Bacteria|p__Firmicutes|c__Bacilli|o__Lactobacillales|f__Lactobacillaceae|g__Lactobacillus|s__Lactobacillus_acidipiscis","Bacteria","Firmicutes","Bacilli","Lactobacillales","Lactobacillaceae","Ligilactobacillus","Ligilactobacillus acidipiscis"
"species-Clostridium_sp._CAG-167","Bacteria","Firmicutes","Clostridia","Eubacteriales","Clostridiaceae","Clostridium","Clostridium sp. CAG:167"
"species-Roseburia_sp._CAG-182","Bacteria","Firmicutes","Clostridia","Eubacteriales","Lachnospiraceae","Roseburia","Roseburia sp. CAG:182"
"species-Clostridium_sp._CAG-253","Bacteria","Firmicutes","Clostridia","Eubacteriales","Clostridiaceae","Clostridium","Clostridium sp. CAG:253"
"species-Eubacterium_ramulus","Bacteria","Firmicutes","Clostridia","Eubacteriales","Eubacteriaceae","Eubacterium","Eubacterium ramulus"
"species-Veillonella_rodentium","Bacteria","Firmicutes","Negativicutes","Veillonellales","Veillonellaceae","Veillonella","Veillonella rodentium"
"species-Bacteroides_finegoldii","Bacteria","Bacteroidota","Bacteroidia","Bacteroidales","Bacteroidaceae","Bacteroides","Bacteroides finegoldii"
"k__Bacteria|p__Proteobacteria|c__Epsilonproteobacteria|o__Campylobacterales|f__Campylobacteraceae|g__Campylobacter|s__Campylobacter_jejuni","Bacteria","Proteobacteria","Epsilonproteobacteria","Campylobacterales","Campylobacteraceae","Campylobacter","Campylobacter jejuni"
"species-Lactobacillus_rogosae","Bacteria","Firmicutes","Bacilli","Lactobacillales","Lactobacillaceae","Lactobacillus","Lactobacillus rogosae"
"species-Ruminococcus_callidus","Bacteria","Firmicutes","Clostridia","Eubacteriales","Oscillospiraceae","Ruminococcus","Ruminococcus callidus"
"species-Adlercreutzia_equolifaciens_1","Bacteria","Actinobacteria","Coriobacteriia","Eggerthellales","Eggerthellaceae","Adlercreutzia","Adlercreutzia equolifaciens"
"species-Adlercreutzia_equolifaciens","Bacteria","Actinobacteria","Coriobacteriia","Eggerthellales","Eggerthellaceae","Adlercreutzia","Adlercreutzia equolifaciens"
"species-Intestinibacter_bartlettii","Bacteria","Firmicutes","Clostridia","Eubacteriales","Peptostreptococcaceae","Intestinibacter","Intestinibacter bartlettii"
"species-Firmicutes_bacterium_CAG-534","Bacteria","Firmicutes",NA,NA,NA,NA,"Firmicutes bacterium CAG:534"
"k__Bacteria|p__Firmicutes|c__Clostridia|o__Clostridiales|f__Eubacteriaceae|g__Eubacterium|s__Eubacterium_sp_CAG_786","Bacteria","Firmicutes","Clostridia","Eubacteriales","Eubacteriaceae","Eubacterium","Eubacterium sp. CAG:786"
"k__Bacteria|p__Proteobacteria|c__Gammaproteobacteria|o__Enterobacterales|f__Erwiniaceae|g__Pantoea|s__Pantoea_dispersa","Bacteria","Proteobacteria","Gammaproteobacteria","Enterobacterales","Erwiniaceae","Pantoea","Pantoea dispersa"
"species-Bifidobacterium_dentium","Bacteria","Actinobacteria","Actinomycetia","Bifidobacteriales","Bifidobacteriaceae","Bifidobacterium","Bifidobacterium dentium"
"species-Neisseria_subflava","Bacteria","Proteobacteria","Betaproteobacteria","Neisseriales","Neisseriaceae","Neisseria","Neisseria subflava"
"species-Parvimonas_sp._KA00067","Bacteria","Firmicutes","Tissierellia","Tissierellales","Peptoniphilaceae","Parvimonas","Parvimonas sp. KA00067"
"species-Eisenbergiella_massiliensis","Bacteria","Firmicutes","Clostridia","Eubacteriales","Lachnospiraceae","Eisenbergiella","Eisenbergiella massiliensis"
"k__Bacteria|p__Spirochaetes|c__Spirochaetia|o__Spirochaetales|f__Spirochaetaceae|g__Treponema|s__Treponema_succinifaciens","Bacteria","Spirochaetes","Spirochaetia","Spirochaetales","Treponemataceae","Treponema","Treponema succinifaciens"
"species-Phascolarctobacterium_sp._CAG-266","Bacteria","Firmicutes","Negativicutes","Acidaminococcales","Acidaminococcaceae","Phascolarctobacterium","Phascolarctobacterium sp. CAG:266"
"species-Haemophilus_pittmaniae","Bacteria","Proteobacteria","Gammaproteobacteria","Pasteurellales","Pasteurellaceae","Haemophilus","Haemophilus pittmaniae"
"species-Parabacteroides_sp._CAG-409","Bacteria","Bacteroidota","Bacteroidia","Bacteroidales","Tannerellaceae","Parabacteroides","Parabacteroides sp. CAG:409"
"species-Prevotella_corporis","Bacteria","Bacteroidota","Bacteroidia","Bacteroidales","Prevotellaceae","Prevotella","Prevotella corporis"
"species-Anaerotruncus_sp._CAG-528","Bacteria","Firmicutes","Clostridia","Eubacteriales","Oscillospiraceae","Anaerotruncus","Anaerotruncus sp. CAG:528"
"species-Prevotella_intermedia","Bacteria","Bacteroidota","Bacteroidia","Bacteroidales","Prevotellaceae","Prevotella","Prevotella intermedia"
"species-Bifidobacterium_pseudolongum","Bacteria","Actinobacteria","Actinomycetia","Bifidobacteriales","Bifidobacteriaceae","Bifidobacterium","Bifidobacterium pseudolongum"
"k__Bacteria|p__Synergistetes|c__Synergistia|o__Synergistales|f__Synergistaceae|g__Pyramidobacter|s__Pyramidobacter_piscolens","Bacteria","Synergistetes","Synergistia","Synergistales","Synergistaceae","Pyramidobacter","Pyramidobacter piscolens"
"k__Bacteria|p__Bacteroidetes|c__Bacteroidia|o__Bacteroidales|f__Prevotellaceae|g__Prevotella|s__Prevotella_sp_F0091","Bacteria","Bacteroidota","Bacteroidia","Bacteroidales","Prevotellaceae","Prevotella","Prevotella sp. F0091"
"species-Dialister_invisus","Bacteria","Firmicutes","Negativicutes","Veillonellales","Veillonellaceae","Dialister","Dialister invisus"
"species-Eubacterium_coprostanoligenes","Bacteria","Firmicutes","Clostridia","Eubacteriales","Eubacteriaceae","Eubacterium","Eubacterium coprostanoligenes"
"species-Prevotella_melaninogenica","Bacteria","Bacteroidota","Bacteroidia","Bacteroidales","Prevotellaceae","Prevotella","Prevotella melaninogenica"
"species-Enterococcus_faecium","Bacteria","Firmicutes","Bacilli","Lactobacillales","Enterococcaceae","Enterococcus","Enterococcus faecium"
"species-Bacteroides_clarus","Bacteria","Bacteroidota","Bacteroidia","Bacteroidales","Bacteroidaceae","Bacteroides","Bacteroides clarus"
"species-Eisenbergiella_tayi","Bacteria","Firmicutes","Clostridia","Eubacteriales","Lachnospiraceae","Eisenbergiella","Eisenbergiella tayi"
"species-Enterococcus_gallinarum","Bacteria","Firmicutes","Bacilli","Lactobacillales","Enterococcaceae","Enterococcus","Enterococcus gallinarum"
"species-Enterocloster_citroniae","Bacteria","Firmicutes","Clostridia","Eubacteriales","Lachnospiraceae","Enterocloster","Enterocloster citroniae"
"species-Ruminococcaceae_bacterium_D5","Bacteria","Firmicutes","Clostridia","Eubacteriales","Oscillospiraceae",NA,"Ruminococcaceae bacterium D5"
"species-Hungatella_hathewayi","Bacteria","Firmicutes","Clostridia","Eubacteriales","Clostridiaceae","Hungatella","Hungatella hathewayi"
"k__Bacteria|p__Spirochaetes|c__Spirochaetia|o__Spirochaetales|f__Spirochaetaceae|g__Treponema|s__Treponema_berlinense","Bacteria","Spirochaetes","Spirochaetia","Spirochaetales","Treponemataceae","Treponema","Treponema berlinense"
"species-Streptococcus_pasteurianus","Bacteria","Firmicutes","Bacilli","Lactobacillales","Streptococcaceae","Streptococcus","Streptococcus pasteurianus"
"species-Roseburia_sp._CAG-309","Bacteria","Firmicutes","Clostridia","Eubacteriales","Lachnospiraceae","Roseburia","Roseburia sp. CAG:309"
"k__Bacteria|p__Firmicutes|c__Firmicutes_unclassified|o__Firmicutes_unclassified|f__Firmicutes_unclassified|g__Firmicutes_unclassified|s__Firmicutes_bacterium_CAG_555","Bacteria","Firmicutes",NA,NA,NA,NA,"Firmicutes bacterium CAG:555"
"genus-Streptococcus","Bacteria","Firmicutes","Bacilli","Lactobacillales","Streptococcaceae","Streptococcus",NA
"species-Ruminococcus_obeum_CAG-39","Bacteria","Firmicutes","Clostridia","Eubacteriales","Oscillospiraceae","Ruminococcus","Ruminococcus obeum CAG:39"
"species-Streptococcus_lutetiensis","Bacteria","Firmicutes","Bacilli","Lactobacillales","Streptococcaceae","Streptococcus","Streptococcus lutetiensis"
"species-Prevotella_timonensis","Bacteria","Bacteroidota","Bacteroidia","Bacteroidales","Prevotellaceae","Prevotella","Prevotella timonensis"
"species-Campylobacter_ureolyticus","Bacteria","Proteobacteria","Epsilonproteobacteria","Campylobacterales","Campylobacteraceae","Campylobacter","Campylobacter ureolyticus"
"k__Bacteria|p__Bacteroidetes|c__Bacteroidia|o__Bacteroidales|f__Prevotellaceae|g__Prevotella|s__Prevotella_sp_oral_taxon_376","Bacteria","Bacteroidota","Bacteroidia","Bacteroidales","Prevotellaceae","Prevotella","Prevotella sp. oral taxon 376"
